title,company,link
Frontend Engineer – Vue.js,SpotMe,https://stackoverflow.com/jobs/535271/
Senior Frontend Engineer | Vue.js,iubenda,https://stackoverflow.com/jobs/565495/
Technical Lead (Vue.js),Coda Payments,https://stackoverflow.com/jobs/550601/
Senior Frontend Developer (m/f/d) Vue,Laserhub GmbH,https://stackoverflow.com/jobs/539731/
Vue.js Developer (Remote),X-Team,https://stackoverflow.com/jobs/534462/
Javascript Developer - React or Angular or VueJS,Arcanys,https://stackoverflow.com/jobs/551985/
Frontend - Engineer Fokus Vue.JS(m/w/d) 100% Homeoffice,iits-consulting,https://stackoverflow.com/jobs/515912/
Frontend Developer (Vue),Hubstaff,https://stackoverflow.com/jobs/565953/
Senior Full Stack Laravel & Vue.js,Worksome ApS,https://stackoverflow.com/jobs/503422/
Senior Full Stack Developer - PHP and VueJS (f/m/d),CA Customer Alliance GmbH,https://stackoverflow.com/jobs/528320/
Fullstack Professional with PHP/Symfony 4 & vue.js experience,roadsurfer GmbH,https://stackoverflow.com/jobs/497587/
"Front End Engineer (React, Typescript)",Modus Create,https://stackoverflow.com/jobs/565852/
Développeur Crafteur JAVA (H/F),La Combe du Lion Vert,https://stackoverflow.com/jobs/499582/
Développeur Fullstack JAVA / Javascript (H/F),La Combe du Lion Vert,https://stackoverflow.com/jobs/504197/
Atlassian Expert: US (Remote 100%),Modus Create,https://stackoverflow.com/jobs/565755/
"Full Stack Engineer (Java, React) - Remote/US Based",Modus Create,https://stackoverflow.com/jobs/559041/
DevOps Architect (AWS)- US (Remote),Modus Create,https://stackoverflow.com/jobs/565958/
"QA Automation Engineer ( Python, Pytest)",Modus Create,https://stackoverflow.com/jobs/565910/
AWS Architect ( Remote - US based),Modus Create,https://stackoverflow.com/jobs/565606/
Solutions Architect ( IAM),Modus Create,https://stackoverflow.com/jobs/565607/
DevOps Engineer,Sytac IT Consulting,https://stackoverflow.com/jobs/534200/
Front End Engineer (Angular),Modus Create,https://stackoverflow.com/jobs/565930/
Sr. QA Business Analyst Who Wears Many Hats (And Does Other Stuff Good Too),Dorsata,https://stackoverflow.com/jobs/554919/
Backend Engineer,Sytac IT Consulting,https://stackoverflow.com/jobs/524936/
Senior Front-end / JS Developer (Remote),iubenda,https://stackoverflow.com/jobs/565494/
Senior Python Developer (m/f/d),social sweethearts® GmbH,https://stackoverflow.com/jobs/566032/
Frontend Engineer (Remote),Eterlast,https://stackoverflow.com/jobs/563091/
⌨️ Full-stack Software Development Engineer,Acho,https://stackoverflow.com/jobs/561831/
Front End Developer - React / Typescript,Zing Dev Limited,https://stackoverflow.com/jobs/565615/
Staff Software Engineer,BillionToOne,https://stackoverflow.com/jobs/565619/
Senior Full-Stack Developer,Supermetrics Oy,https://stackoverflow.com/jobs/565936/
Software Engineer - Full Stack,UPowr Pty Ltd,https://stackoverflow.com/jobs/501250/
"Senior/Front End Engineer, APAC",Coda Payments,https://stackoverflow.com/jobs/557316/
Senior Python/Django Full-stack Developer,Apicbase Belgium,https://stackoverflow.com/jobs/515716/
Senior Python/Django Full-stack Developer,Apicbase Belgium,https://stackoverflow.com/jobs/545356/
Python/Django Developer (m/f/d) - Remote,social sweethearts® GmbH,https://stackoverflow.com/jobs/566033/
Javascript & PHP Entwickler(in) für spannende Webapplikationen,4eyes GmbH,https://stackoverflow.com/jobs/420062/
Software Architect / Code Reviewer / Mentor - Part-time,Arcanys,https://stackoverflow.com/jobs/485542/
Frontend Developer:in (all genders),asgoodasnew electronics GmbH,https://stackoverflow.com/jobs/565657/
"(Senior) Frontend Developer (m/w/d), Remote, Köln, Hamburg, Berlin od. Gütersloh",Schüttflix GmbH,https://stackoverflow.com/jobs/525579/
"Full Stack Software Engineer, Business Integrity",ByteDance,https://stackoverflow.com/jobs/553099/
Frontend Web Developer (m/w/d),EyeC GmbH,https://stackoverflow.com/jobs/408135/
Software Engineer,UpMetrics,https://stackoverflow.com/jobs/496289/
Frontend Engineer / Working student (m/f/d),Motius GmbH,https://stackoverflow.com/jobs/560120/
Senior Full Stack Developer (m/w/d) - onsite or remote within the EU,ABOUT YOU SE & Co. KG,https://stackoverflow.com/jobs/262255/
"Frontend Software Engineer, Business Integrity",ByteDance,https://stackoverflow.com/jobs/553035/
(Junior) Full Stack Developer (m/w/d),MVZ Martinsried GmbH,https://stackoverflow.com/jobs/565919/
Sr. Full Stack Engineer- Python,AutoTrader,https://stackoverflow.com/jobs/529021/
Full Stack Web Developer (m/w/d),EyeC GmbH,https://stackoverflow.com/jobs/408137/
REMOTE Techlead / Principal Engineer Node.js @Global Culture Platform (m/f/x),"AVANTGARDE - ""Creating Fans""",https://stackoverflow.com/jobs/538107/
Web Developer - Apps Team,Esri,https://stackoverflow.com/jobs/566045/
Sr. Full Stack Engineer- Python,AutoTrader,https://stackoverflow.com/jobs/529021/
Full Stack Web Developer (m/w/d),EyeC GmbH,https://stackoverflow.com/jobs/408137/
REMOTE Techlead / Principal Engineer Node.js @Global Culture Platform (m/f/x),"AVANTGARDE - ""Creating Fans""",https://stackoverflow.com/jobs/538107/
Software Engineer - Frontend,ZALORA,https://stackoverflow.com/jobs/536783/
(Senior) Full-Stack Software Engineer for 20 Minuten news platform (f/m/d) 80-10,TX Group,https://stackoverflow.com/jobs/558879/
Fullstack Engineer 80-100% (f/m/d),Homegate,https://stackoverflow.com/jobs/543686/
(Junior) Full Stack Developer (m/w/d),MVZ Martinsried GmbH,https://stackoverflow.com/jobs/565919/
Frontend Developer (f/m/d),Trusted Shops GmbH,https://stackoverflow.com/jobs/560025/
Senior Software Engineer - Frontend,VIZIO,https://stackoverflow.com/jobs/522670/
"full-stack web developer (node.js, typescript)",code d'azur,https://stackoverflow.com/jobs/522428/
Junior JavaScript developer,SofteqviaInvest Lithuania,https://stackoverflow.com/jobs/543978/
Full-Stack Technical Lead,SSENSE,https://stackoverflow.com/jobs/521742/
Senior Full-stack Web Developer,F-Secure,https://stackoverflow.com/jobs/535566/
"Senior Software Engineer – AWS, NodeJS, Serverless",LifeOmic,https://stackoverflow.com/jobs/519002/
Full-Stack Software Engineer,Captivation Software,https://stackoverflow.com/jobs/525427/
Senior Frontend Engineer (Remote),Nebulab,https://stackoverflow.com/jobs/541099/
Fullstack / Backend developer,Pensionera Förmedling i Sverige AB,https://stackoverflow.com/jobs/553101/
"Frontend Software Engineer, Customer Service Platform",ByteDance,https://stackoverflow.com/jobs/541573/
Senior Software Engineer,Enovational,https://stackoverflow.com/jobs/420640/
Front End Software Engineer – HPC Products,DUG Technology,https://stackoverflow.com/jobs/528137/
Backend developer to build robust systems with Kotlin,Shape A/S,https://stackoverflow.com/jobs/370009/
"Senior Web Developer (.NET Web Projects, Fully Remote)",BlueModus,https://stackoverflow.com/jobs/565450/
Solution Architect,Enovational,https://stackoverflow.com/jobs/420637/
Frontend Developer m/w/d,MARC O'POLO International GmbH,https://stackoverflow.com/jobs/534473/
Senior JavaScript Engineer for our ecommerce storefront  (f/m/d),ePages GmbH,https://stackoverflow.com/jobs/123431/
Senior Software Engineer,Enovational,https://stackoverflow.com/jobs/420640/
(Senior) Backend Developer - node.js (Jede*r),tarent solutions GmbH,https://stackoverflow.com/jobs/538095/
"Senior Web Developer (.NET Web Projects, Fully Remote)",BlueModus,https://stackoverflow.com/jobs/565450/
Full Stack Software Engineer,Stable Kernel,https://stackoverflow.com/jobs/555631/
Senior Backend Architect (m/f/d),Motius GmbH,https://stackoverflow.com/jobs/565858/
Fullstack Web-Entwickler PHP/React (m/w/d) für E-Commerce Agentur aus Bremen,hmmh multimediahaus AG,https://stackoverflow.com/jobs/526714/
Ruby on Rails Engineer,Hubstaff,https://stackoverflow.com/jobs/565920/
Software Developer (gn) C# / .NET,SoftwareONE Deutschland GmbH,https://stackoverflow.com/jobs/526078/
Full Stack Entwickler Java (m/w/d),ISTEC Industrielle Software-Technik GmbH,https://stackoverflow.com/jobs/560895/
Fullstack Developer (m/w/d) remote,best it AG,https://stackoverflow.com/jobs/512059/
"Solution Lead (.NET Web Projects, Fully Remote)",BlueModus,https://stackoverflow.com/jobs/561219/
"(Senior) Backend Developer (m/w/d), Köln oder Gütersloh",Schüttflix GmbH,https://stackoverflow.com/jobs/530252/
Technical Lead PWA (m/f/d),shopware AG,https://stackoverflow.com/jobs/541482/
Senior UI Software Engineer,VIZIO,https://stackoverflow.com/jobs/522671/
Fullstack Developer (f/m/d),Trusted Shops GmbH,https://stackoverflow.com/jobs/556894/
CDI -  Senior Developper - Rennes,Steeple,https://stackoverflow.com/jobs/530505/
Front-End Developer (i.e. React),Imaginary Cloud,https://stackoverflow.com/jobs/565808/
Senior Full Stack Web Engineer,Runtastic,https://stackoverflow.com/jobs/561448/
Front-End Software Engineer,HENNGE K.K.,https://stackoverflow.com/jobs/381280/
Frontend Developer / Headless Expert,Magnolia International Ltd.,https://stackoverflow.com/jobs/525573/
Back-End Developer (i.e. Python),Imaginary Cloud,https://stackoverflow.com/jobs/565769/
Senior Backend Engineer - Elixir,Remote,https://stackoverflow.com/jobs/533358/
Developer Advocate,"Zeplin, Inc",https://stackoverflow.com/jobs/549154/
Mobile APP Developers - Leading Electronics Company,Pyronix,https://stackoverflow.com/jobs/524940/
Full Stack Developer,Bloomreach,https://stackoverflow.com/jobs/487279/
Mobile APP Developers - Leading Electronics Company,Pyronix,https://stackoverflow.com/jobs/524940/
Senior Software Engineer - Frontend,VIZIO,https://stackoverflow.com/jobs/522670/
Backend Engineer 80-100% (f/m/d),Homegate,https://stackoverflow.com/jobs/543690/
Senior Frontend Engineer (React + Typescript),Bigblue,https://stackoverflow.com/jobs/505291/
Software Development Engineer in Test,SDVI,https://stackoverflow.com/jobs/219487/
Web developer,Intel Corporation,https://stackoverflow.com/jobs/530450/
Frontend Developer (m/w/d),RheinEnergie AG,https://stackoverflow.com/jobs/506045/
"Lead Polyglot Software Engineers – TDD, XP, JavaScript",Pragmateam,https://stackoverflow.com/jobs/519292/
Senior Software Engineer,uShip,https://stackoverflow.com/jobs/537938/
Software Full Stack Engineer,Singapore Innovate Pte. Ltd,https://stackoverflow.com/jobs/565596/
React Developer - DWH team,Supermetrics Oy,https://stackoverflow.com/jobs/565838/
"Senior Software Engineer – AWS, NodeJS, Serverless",LifeOmic,https://stackoverflow.com/jobs/519002/
Senior Front End developer,Apicbase Belgium,https://stackoverflow.com/jobs/526988/
E-commerce und Plugin / Theme Entwickler (m/w/d),SOLIT Management GmbH,https://stackoverflow.com/jobs/518171/
Senior Web/Mobile Developer (m/w/d),Lotum GmbH,https://stackoverflow.com/jobs/372988/
Senior Frontend Engineer (Remote),Nebulab,https://stackoverflow.com/jobs/541099/
Front-end Developer,HOTMART,https://stackoverflow.com/jobs/526776/
Front End Developer,Greenhost,https://stackoverflow.com/jobs/524919/
Senior Front-end Engineer,Reaktor,https://stackoverflow.com/jobs/554381/
Senior Java fejlesztő,UNIQA Raiffeisen Software Service Kft.,https://stackoverflow.com/jobs/515490/
Solution Architect,Enovational,https://stackoverflow.com/jobs/420637/
Web Developer (Angular),SUSE,https://stackoverflow.com/jobs/539503/
Senior Frontend Developer (m/w/d) - Experience Design & Mobile,Deloitte Deutschland,https://stackoverflow.com/jobs/533735/
product software engineer,AE nv/sa,https://stackoverflow.com/jobs/523550/
Front-end web developer to make digital solutions for social challenges,Innovattic,https://stackoverflow.com/jobs/529137/
Solution Architect - Prototyping (m/w/d) Tax & Legal Garage,Deloitte Deutschland,https://stackoverflow.com/jobs/534020/
"Lead Polyglot Software Engineers – TDD, XP, JavaScript",Pragmateam,https://stackoverflow.com/jobs/519292/
Solution Architect Web Platforms,ti&m AG,https://stackoverflow.com/jobs/522338/
Software Developer (gn) C# / .NET,SoftwareONE Deutschland GmbH,https://stackoverflow.com/jobs/526078/
Senior Software Engineer,uShip,https://stackoverflow.com/jobs/537938/
Software Engineer - SDVI DevOps,SDVI,https://stackoverflow.com/jobs/451626/
Web Backend Entwickler*in Java,netcare Business Solutions GmbH,https://stackoverflow.com/jobs/565486/
Join the Crew - Passionate Senior Software Engineer,Spaceteams GmbH,https://stackoverflow.com/jobs/555273/
Senior Developer,EVS llc,https://stackoverflow.com/jobs/529103/
Senior React Developer (m/w/d),reppa.net GmbH,https://stackoverflow.com/jobs/365543/
Senior Software Engineer .NET (m/w/d),ti&m AG,https://stackoverflow.com/jobs/522249/
Fullstack Developer (f/m/d),Trusted Shops GmbH,https://stackoverflow.com/jobs/556894/
Ruby on Rails Developer,Imaginary Cloud,https://stackoverflow.com/jobs/566013/
"Remote Polyglot Software Engineer – TDD, XP, JavaScript",Pragmateam,https://stackoverflow.com/jobs/523004/
Senior Front End Engineer,Demand.io,https://stackoverflow.com/jobs/555644/
Senior Frontend Developer (m/w/d) - Experience Design & Mobile,Deloitte Deutschland,https://stackoverflow.com/jobs/533735/
Full Stack Mobile Developer (Flutter) (w/m/d),Lotum GmbH,https://stackoverflow.com/jobs/526742/
PHP Developer,alfaview GmbH,https://stackoverflow.com/jobs/559394/
Web Systems Engineer - HPC Products,DUG Technology,https://stackoverflow.com/jobs/528138/
Go Developer,Pensionera Förmedling i Sverige AB,https://stackoverflow.com/jobs/535317/
Senior WordPress Developer,Curotec,https://stackoverflow.com/jobs/550906/
Senior Entwickler Konfigurator (m/w/d),BUCS IT GmbH,https://stackoverflow.com/jobs/561560/
Azure Full Stack Developer,Innofactor Plc,https://stackoverflow.com/jobs/517279/
Senior Full-Stack Engineer,Gorgias,https://stackoverflow.com/jobs/551752/
Front-end web developer to make digital solutions for social challenges,Innovattic,https://stackoverflow.com/jobs/529137/
Web Systems Engineer - HPC Products,DUG Technology,https://stackoverflow.com/jobs/528138/
Senior WordPress Developer,Curotec,https://stackoverflow.com/jobs/550906/
Software Development Architect (gn) C# / .NET,SoftwareONE Deutschland GmbH,https://stackoverflow.com/jobs/526080/
"Développeur .Net (possibilité de télétravail à 100%, partout au Québec)",Grics,https://stackoverflow.com/jobs/521899/
Full Stack Developer,Rakettitiede,https://stackoverflow.com/jobs/522743/
Go Developer,Pensionera Förmedling i Sverige AB,https://stackoverflow.com/jobs/535317/
Azure Full Stack Developer,Innofactor Plc,https://stackoverflow.com/jobs/517279/
Software Developer (gn) Java,SoftwareONE Deutschland GmbH,https://stackoverflow.com/jobs/526079/
Frontend Developer (m/w/d) - Experience Design & Mobile,Deloitte Deutschland,https://stackoverflow.com/jobs/535281/
Senior Full Stack Developer,AutoRek,https://stackoverflow.com/jobs/520638/
Frontend Engineer 80-100% (f/m/d),Homegate,https://stackoverflow.com/jobs/543689/
Senior Full-Stack Engineer,Gorgias,https://stackoverflow.com/jobs/551752/
"Java-Entwickler / Software Developer, z. B. Informatiker (w/m/d)",emsys VPP GmbH,https://stackoverflow.com/jobs/565261/
Full Stack Engineer,SimpleNexus LLC,https://stackoverflow.com/jobs/523006/
Remote Experienced Frontend Engineer - React,"TheoremOne, LLC",https://stackoverflow.com/jobs/562427/
Full Stack Developer,Mimacom,https://stackoverflow.com/jobs/556133/
Full Stack Developer (m/w/d),CAS AG,https://stackoverflow.com/jobs/524589/
Backend Java Developer,Tradeshift,https://stackoverflow.com/jobs/533090/
Full Stack Engineer (Application Engineer),Rakuten,https://stackoverflow.com/jobs/527726/
Experienced Software Engineer,Outschool,https://stackoverflow.com/jobs/550915/
Laravel Jedi,Creative Force Ltd,https://stackoverflow.com/jobs/527987/
LMAX Software Developer (Core Java),LMAX Group,https://stackoverflow.com/jobs/181651/
Software Development Architect/Lead Developer (gn) Java,SoftwareONE Deutschland GmbH,https://stackoverflow.com/jobs/526082/
"Software Engineer, Backend [US App]",Mercari,https://stackoverflow.com/jobs/471997/
"Software Engineer, Backend [US App]",Mercari,https://stackoverflow.com/jobs/471997/
Software Development Architect/Lead Developer (gn) Java,SoftwareONE Deutschland GmbH,https://stackoverflow.com/jobs/526082/
"Back End Engineer (Python, AWS)",Modus Create,https://stackoverflow.com/jobs/560131/
Software Engineer – Cloud Solutions,"Emerson, Sweden",https://stackoverflow.com/jobs/529731/
Data Science and Analytics Engineer,MITRE,https://stackoverflow.com/jobs/523959/
Senior Backend Engineer - Location Flexible,"Volusion, LLC",https://stackoverflow.com/jobs/443231/
Engineering Manager,NN Group N.V.,https://stackoverflow.com/jobs/557648/
Staff Frontend Software Engineer (US Only),"Pie Insurance Holdings, Inc.",https://stackoverflow.com/jobs/545528/
Senior Architect,Capital Group,https://stackoverflow.com/jobs/558027/
"Développeur C# C++ (possibilité de télétravail à 100%, partout au Québec)",Grics,https://stackoverflow.com/jobs/521898/
Software Development Engineer Senior,Capital Group,https://stackoverflow.com/jobs/538624/
Geoscience Software Developer (User Interface),BGS,https://stackoverflow.com/jobs/565890/
Data Science - Engineering Manager,Belvo Technologies,https://stackoverflow.com/jobs/559029/
Modern Infrastructure and Security Architect - Remote,MUFG,https://stackoverflow.com/jobs/559431/
Senior Software Developer,SSENSE,https://stackoverflow.com/jobs/521748/
Senior Full-Stack Developer,Lastmile Retail,https://stackoverflow.com/jobs/523843/
Senior Full Stack PHP Engineer (all genders),Goodgame Studios,https://stackoverflow.com/jobs/566009/
Senior Front-end Developer (Remote),SORAMITSU,https://stackoverflow.com/jobs/522571/
Junior Frontend Developer,Singapore Innovate Pte. Ltd,https://stackoverflow.com/jobs/565262/
Senior Software Developer,SSENSE,https://stackoverflow.com/jobs/521747/
Full Stack Developer,Enovational,https://stackoverflow.com/jobs/173771/
Senior Software Engineer,Beast Code,https://stackoverflow.com/jobs/541115/
Senior Software Engineer,SimpleNexus LLC,https://stackoverflow.com/jobs/523125/
Java-Softwareentwickler (w/m/d),parcIT GmbH,https://stackoverflow.com/jobs/524114/
Experienced Front End Engineer,AE nv/sa,https://stackoverflow.com/jobs/523553/
Software Engineer - Full Stack (Mid-Senior),Olo,https://stackoverflow.com/jobs/448572/
Développeur Angular / Java,Digital4Better,https://stackoverflow.com/jobs/515925/
